repo_id,full_name,html_url,description,language,stargazers_count,forks_count,pushed_at,owner_login,owner_avatar_url,starred_at
621803253,FlowiseAI/Flowise,https://github.com/FlowiseAI/Flowise,"Build AI Agents, Visually",TypeScript,38306,19922,2025-05-16T18:05:44Z,FlowiseAI,https://avatars.githubusercontent.com/u/128289781?v=4,2025-05-15T21:46:00Z
782597014,picahq/pica,https://github.com/picahq/pica,The Complete Agentic Tooling Platform,Rust,906,54,2025-05-16T16:29:12Z,picahq,https://avatars.githubusercontent.com/u/63831834?v=4,2025-05-13T06:11:06Z
979392131,ag-ui-protocol/ag-ui,https://github.com/ag-ui-protocol/ag-ui,AG-UI: the Agent-User Interaction Protocol. Bring Agents into Frontend Applications.,TypeScript,1837,123,2025-05-16T19:14:49Z,ag-ui-protocol,https://avatars.githubusercontent.com/u/209775067?v=4,2025-05-12T15:56:32Z
736272311,pipecat-ai/pipecat,https://github.com/pipecat-ai/pipecat,Open Source framework for voice and multimodal conversational AI,Python,6117,858,2025-05-16T21:40:57Z,pipecat-ai,https://avatars.githubusercontent.com/u/169612734?v=4,2025-05-09T15:07:07Z
970890722,NovaSky-AI/SkyRL,https://github.com/NovaSky-AI/SkyRL,SkyRL-v0: Train Real-World Long-Horizon Agents via Reinforcement Learning,Python,277,21,2025-05-15T23:28:32Z,NovaSky-AI,https://avatars.githubusercontent.com/u/194174999?v=4,2025-05-08T11:52:49Z
821360765,latitude-dev/latitude-llm,https://github.com/latitude-dev/latitude-llm,"Latitude is the open-source prompt engineering platform to build, evaluate, and refine your prompts with AI",TypeScript,2230,135,2025-05-16T16:45:23Z,latitude-dev,https://avatars.githubusercontent.com/u/98949449?v=4,2025-05-07T11:32:38Z
609957061,elevenlabs/elevenlabs-docs,https://github.com/elevenlabs/elevenlabs-docs,Documentation for elevenlabs.io/docs,MDX,177,366,2025-05-16T17:16:28Z,elevenlabs,https://avatars.githubusercontent.com/u/94471909?v=4,2025-05-07T10:32:30Z
912559512,simstudioai/sim,https://github.com/simstudioai/sim,"Sim Studio is an open-source AI agent workflow builder. Sim Studio's interface is a lightweight, intuitive way to quickly build and deploy LLMs that connect with your favorite tools.",TypeScript,3336,539,2025-05-16T17:55:09Z,simstudioai,https://avatars.githubusercontent.com/u/199344406?v=4,2025-05-07T00:24:59Z
955904085,antiwork/flexile,https://github.com/antiwork/flexile,Equity for everyone.,Ruby,507,104,2025-05-16T22:54:23Z,antiwork,https://avatars.githubusercontent.com/u/1178890?v=4,2025-04-27T17:06:50Z
957269680,EvanZhouDev/llm.pdf,https://github.com/EvanZhouDev/llm.pdf,Run LLMs inside a PDF file.,Python,567,33,2025-04-14T02:53:12Z,EvanZhouDev,https://avatars.githubusercontent.com/u/62189478?v=4,2025-04-27T06:11:24Z
138393139,trimstray/the-book-of-secret-knowledge,https://github.com/trimstray/the-book-of-secret-knowledge,"A collection of inspiring lists, manuals, cheatsheets, blogs, hacks, one-liners, cli/web tools and more.",,169343,10593,2024-11-19T14:00:38Z,trimstray,https://avatars.githubusercontent.com/u/31127917?v=4,2025-04-25T22:37:00Z
823738767,ibelick/motion-primitives,https://github.com/ibelick/motion-primitives,"UI kit to make beautiful, animated interfaces, faster. Customizable. Open Source.",TypeScript,4426,164,2025-05-08T21:35:16Z,ibelick,https://avatars.githubusercontent.com/u/14288396?v=4,2025-04-25T10:28:09Z
959063625,ibelick/zola,https://github.com/ibelick/zola,"The open-source AI chat app for developers. Multi-model, agent-ready.",TypeScript,691,95,2025-05-16T15:47:49Z,ibelick,https://avatars.githubusercontent.com/u/14288396?v=4,2025-04-25T10:27:31Z
949662713,opencode-ai/opencode,https://github.com/opencode-ai/opencode,,Go,2484,167,2025-05-16T08:42:56Z,opencode-ai,https://avatars.githubusercontent.com/u/208539476?v=4,2025-04-25T02:15:38Z
888092115,microsoft/markitdown,https://github.com/microsoft/markitdown,Python tool for converting files and office documents to Markdown.,Python,57266,2926,2025-04-13T16:31:40Z,microsoft,https://avatars.githubusercontent.com/u/6154722?v=4,2025-04-23T09:43:31Z
969010919,nari-labs/dia,https://github.com/nari-labs/dia,A TTS model capable of generating ultra-realistic dialogue in one pass.,Python,15690,1232,2025-05-15T13:56:55Z,nari-labs,https://avatars.githubusercontent.com/u/208232306?v=4,2025-04-22T22:09:08Z
572570113,triggerdotdev/trigger.dev,https://github.com/triggerdotdev/trigger.dev,Trigger.dev ‚Äì open source background jobs and AI infrastructure,TypeScript,11187,708,2025-05-16T21:54:44Z,triggerdotdev,https://avatars.githubusercontent.com/u/95297378?v=4,2025-04-22T00:11:41Z
895291604,exa-labs/exa-mcp-server,https://github.com/exa-labs/exa-mcp-server,Claude can perform Web Search | Exa with MCP (Model Context Protocol),TypeScript,1578,135,2025-05-16T15:37:16Z,exa-labs,https://avatars.githubusercontent.com/u/77906174?v=4,2025-04-21T12:30:17Z
520708737,fauxpilot/fauxpilot,https://github.com/fauxpilot/fauxpilot,FauxPilot - an open-source alternative to GitHub Copilot server,Python,14703,630,2024-04-09T08:42:23Z,fauxpilot,https://avatars.githubusercontent.com/u/120729571?v=4,2025-04-21T06:05:26Z
847231566,a-ghorbani/pocketpal-ai,https://github.com/a-ghorbani/pocketpal-ai,An app that brings language models directly to your phone.,TypeScript,3522,335,2025-05-16T05:27:41Z,a-ghorbani,https://avatars.githubusercontent.com/u/11278140?v=4,2025-04-19T22:16:37Z
965415649,openai/codex,https://github.com/openai/codex,Lightweight coding agent that runs in your terminal,TypeScript,22662,2249,2025-05-16T23:23:00Z,openai,https://avatars.githubusercontent.com/u/14957082?v=4,2025-04-16T22:55:46Z
942837343,eyaltoledano/claude-task-master,https://github.com/eyaltoledano/claude-task-master,"An AI-powered task-management system you can drop into Cursor, Lovable, Windsurf, Roo, and others.",JavaScript,9196,957,2025-05-16T22:17:37Z,eyaltoledano,https://avatars.githubusercontent.com/u/3160046?v=4,2025-04-16T12:23:38Z
157616880,iptv-org/iptv,https://github.com/iptv-org/iptv,Collection of publicly available IPTV channels from all over the world,TypeScript,93744,3513,2025-05-16T23:01:20Z,iptv-org,https://avatars.githubusercontent.com/u/55937028?v=4,2025-04-11T18:24:47Z
764287615,supermemoryai/supermemory,https://github.com/supermemoryai/supermemory,Build your own second brain with supermemory. It's a ChatGPT for your bookmarks. Import tweets or save websites and content using the chrome extension.,TypeScript,9543,916,2025-04-10T18:22:19Z,supermemoryai,https://avatars.githubusercontent.com/u/171979587?v=4,2025-04-10T05:44:56Z
958830659,google/adk-python,https://github.com/google/adk-python,"An open-source, code-first Python toolkit for building, evaluating, and deploying sophisticated AI agents with flexibility and control.",Python,8762,914,2025-05-16T23:49:48Z,google,https://avatars.githubusercontent.com/u/1342004?v=4,2025-04-10T01:05:08Z
895508656,microsoft/ai-agents-for-beginners,https://github.com/microsoft/ai-agents-for-beginners,10 Lessons to Get Started Building AI Agents,Jupyter Notebook,20905,5384,2025-05-16T14:54:28Z,microsoft,https://avatars.githubusercontent.com/u/6154722?v=4,2025-04-09T13:54:13Z
798201435,unclecode/crawl4ai,https://github.com/unclecode/crawl4ai,"üöÄü§ñ Crawl4AI: Open-source LLM Friendly Web Crawler & Scraper. Don't be shy, join here: https://discord.gg/jP8KfhDhyN",Python,43227,3999,2025-05-16T13:59:26Z,unclecode,https://avatars.githubusercontent.com/u/12494079?v=4,2025-04-08T23:48:30Z
881506708,RooVetGit/Roo-Code,https://github.com/RooVetGit/Roo-Code,Roo Code (prev. Roo Cline) gives you a whole dev team of AI agents in your code editor.,TypeScript,13843,1381,2025-05-16T23:53:25Z,RooVetGit,https://avatars.githubusercontent.com/u/82245679?v=4,2025-04-07T00:40:30Z
959682770,antiwork/gumroad,https://github.com/antiwork/gumroad,,Ruby,5799,843,2025-05-16T21:47:19Z,antiwork,https://avatars.githubusercontent.com/u/1178890?v=4,2025-04-04T18:51:45Z
615928156,enricoros/big-AGI,https://github.com/enricoros/big-AGI,"AI suite powered by state-of-the-art models and providing advanced AI/AGI functions. It features AI personas, AGI functions, multi-model chats, text-to-image, voice, response streaming, code highlighting and execution, PDF import, presets for developers, much more. Deploy on-prem or in the cloud.",TypeScript,6412,1485,2025-05-14T23:19:05Z,enricoros,https://avatars.githubusercontent.com/u/32999?v=4,2025-04-04T02:21:52Z
231283452,excalidraw/excalidraw,https://github.com/excalidraw/excalidraw,Virtual whiteboard for sketching hand-drawn like diagrams,TypeScript,99813,9741,2025-05-16T15:45:13Z,excalidraw,https://avatars.githubusercontent.com/u/59452120?v=4,2025-04-03T15:22:29Z
946281616,aws/nova-act,https://github.com/aws/nova-act,Amazon Nova Act is a research preview of a new AI model for developers to build agents that take actions in web browsers,Python,656,90,2025-05-08T19:48:09Z,aws,https://avatars.githubusercontent.com/u/2232217?v=4,2025-04-01T17:23:16Z
776908852,browserbase/stagehand,https://github.com/browserbase/stagehand,An AI web browsing framework focused on simplicity and extensibility.,TypeScript,11858,651,2025-05-16T23:32:01Z,browserbase,https://avatars.githubusercontent.com/u/158221360?v=4,2025-04-01T17:13:32Z
951971916,sentient-agi/OpenDeepSearch,https://github.com/sentient-agi/OpenDeepSearch,,Python,3331,278,2025-04-04T18:20:24Z,sentient-agi,https://avatars.githubusercontent.com/u/175796272?v=4,2025-03-31T21:52:09Z
896335270,punkpeye/awesome-mcp-servers,https://github.com/punkpeye/awesome-mcp-servers,A collection of MCP servers.,,49458,3681,2025-05-15T22:57:01Z,punkpeye,https://avatars.githubusercontent.com/u/108313943?v=4,2025-03-31T08:40:28Z
956421280,Intelligent-Internet/ii-researcher,https://github.com/Intelligent-Internet/ii-researcher,II-Researcher: a new open-source framework designed to aid building search / research agents,Python,250,28,2025-05-09T08:11:51Z,Intelligent-Internet,https://avatars.githubusercontent.com/u/173073912?v=4,2025-03-30T15:45:03Z
943398999,x1xhlol/system-prompts-and-models-of-ai-tools,https://github.com/x1xhlol/system-prompts-and-models-of-ai-tools,"FULL v0, Cursor, Manus, Same.dev, Lovable, Devin, Replit Agent, Windsurf Agent, VSCode Agent, Dia Browser & Trae AI (And other Open Sourced) System Prompts, Tools & AI Models.",,47522,14563,2025-05-15T18:26:58Z,x1xhlol,https://avatars.githubusercontent.com/u/185671340?v=4,2025-03-30T10:18:46Z
766341786,HeyPuter/puter,https://github.com/HeyPuter/puter,"üåê The Internet OS! Free, Open-Source, and Self-Hostable.",JavaScript,30662,2309,2025-05-16T21:19:52Z,HeyPuter,https://avatars.githubusercontent.com/u/103972607?v=4,2025-03-30T00:15:57Z
818259347,Aslam97/shadcn-minimal-tiptap,https://github.com/Aslam97/shadcn-minimal-tiptap,Minimal Tiptap Editor,TypeScript,1387,84,2025-04-02T06:23:06Z,Aslam97,https://avatars.githubusercontent.com/u/25027592?v=4,2025-03-24T04:00:56Z
930429452,ibelick/prompt-kit,https://github.com/ibelick/prompt-kit,"Core building blocks for AI apps.  High-quality, accessible, and customizable components for AI interfaces.",TypeScript,994,55,2025-05-15T20:47:53Z,ibelick,https://avatars.githubusercontent.com/u/14288396?v=4,2025-03-22T15:30:37Z
944828547,canopyai/Orpheus-TTS,https://github.com/canopyai/Orpheus-TTS,Towards Human-Sounding Speech,Python,4770,383,2025-05-06T02:58:14Z,canopyai,https://avatars.githubusercontent.com/u/157303550?v=4,2025-03-20T00:29:07Z
3100209,schteppe/cannon.js,https://github.com/schteppe/cannon.js,A lightweight 3D physics engine written in JavaScript.,JavaScript,4835,727,2023-08-04T10:35:17Z,schteppe,https://avatars.githubusercontent.com/u/1063152?v=4,2025-03-19T22:09:29Z
935494387,Stability-AI/stable-virtual-camera,https://github.com/Stability-AI/stable-virtual-camera,Stable Virtual Camera: Generative View Synthesis with Diffusion Models,Python,1254,77,2025-04-26T21:58:21Z,Stability-AI,https://avatars.githubusercontent.com/u/100950301?v=4,2025-03-19T13:01:01Z
950286393,narative/oscura,https://github.com/narative/oscura,An unapologetically dark and minimal theme.,,186,13,2025-05-03T18:48:54Z,narative,https://avatars.githubusercontent.com/u/38549791?v=4,2025-03-18T22:01:03Z
703854926,Railly/tinte,https://github.com/Railly/tinte,"An opinionated theme generator üé® (VS Code, shadcn/ui)",TypeScript,411,19,2025-04-05T22:46:25Z,Railly,https://avatars.githubusercontent.com/u/51397083?v=4,2025-03-16T12:31:43Z
896144595,virattt/ai-hedge-fund,https://github.com/virattt/ai-hedge-fund,An AI Hedge Fund Team,Python,27732,4797,2025-05-16T00:59:47Z,virattt,https://avatars.githubusercontent.com/u/901795?v=4,2025-03-16T07:35:23Z
824874689,cline/cline,https://github.com/cline/cline,"Autonomous coding agent right in your IDE, capable of creating/editing files, executing commands, using the browser, and more with your permission every step of the way.",TypeScript,43803,5121,2025-05-16T23:46:06Z,cline,https://avatars.githubusercontent.com/u/184127137?v=4,2025-03-16T06:58:00Z
197018189,xyflow/xyflow,https://github.com/xyflow/xyflow,React Flow |¬†Svelte Flow - Powerful open source libraries for building node-based UIs with React (https://reactflow.dev) or Svelte (https://svelteflow.dev). Ready out-of-the-box and infinitely customizable.,TypeScript,29491,1907,2025-05-15T14:37:35Z,xyflow,https://avatars.githubusercontent.com/u/7106853?v=4,2025-03-15T07:08:05Z
933894849,Krish120003/zercel,https://github.com/Krish120003/zercel,Zercel is a Vercel clone that supports Fluid Compute and automatic deployments.,TypeScript,36,5,2025-03-26T22:12:08Z,Krish120003,https://avatars.githubusercontent.com/u/52761222?v=4,2025-03-15T01:40:47Z
725205304,unslothai/unsloth,https://github.com/unslothai/unsloth,"Finetune Qwen3, Llama 4, TTS, DeepSeek-R1 & Gemma 3 LLMs 2x faster with 70% less memory! ü¶•",Python,38801,3037,2025-05-16T23:06:42Z,unslothai,https://avatars.githubusercontent.com/u/150920049?v=4,2025-03-14T21:54:38Z
498532278,emilwidlund/alma,https://github.com/emilwidlund/alma,An interactive playground for generative graphics. Combine nodes & logic into WebGL shaders - all through an intuitive no-code interface.,TypeScript,889,38,2024-09-27T12:24:25Z,emilwidlund,https://avatars.githubusercontent.com/u/10053249?v=4,2025-03-14T02:45:46Z
943934999,FoundationAgents/OpenManus,https://github.com/FoundationAgents/OpenManus,"No fortress, purely open ground.  OpenManus is Coming.",Python,45699,7937,2025-05-14T07:36:53Z,FoundationAgents,https://avatars.githubusercontent.com/u/198047230?v=4,2025-03-14T02:40:40Z
944414751,ahujasid/blender-mcp,https://github.com/ahujasid/blender-mcp,,Python,11150,994,2025-04-16T23:54:35Z,ahujasid,https://avatars.githubusercontent.com/u/11807284?v=4,2025-03-13T22:00:00Z
615510678,camel-ai/camel,https://github.com/camel-ai/camel,üê´ CAMEL: The first and the best multi-agent framework. Finding the Scaling Law of Agents. https://www.camel-ai.org,Python,12511,1324,2025-05-16T17:35:57Z,camel-ai,https://avatars.githubusercontent.com/u/134388954?v=4,2025-03-12T13:21:41Z
941289933,antiwork/helper,https://github.com/antiwork/helper,Customer support agents,TypeScript,363,93,2025-05-16T20:49:48Z,antiwork,https://avatars.githubusercontent.com/u/1178890?v=4,2025-03-12T04:51:25Z
945579718,nikmcfly/ANUS,https://github.com/nikmcfly/ANUS,,Python,5588,908,2025-03-16T20:20:57Z,nikmcfly,https://avatars.githubusercontent.com/u/70242477?v=4,2025-03-11T10:29:06Z
942114501,camel-ai/owl,https://github.com/camel-ai/owl,ü¶â OWL: Optimized Workforce Learning for General Multi-Agent Assistance in Real-World Task Automation,Python,16508,1935,2025-05-16T14:32:54Z,camel-ai,https://avatars.githubusercontent.com/u/134388954?v=4,2025-03-10T13:56:42Z
655515393,CopilotKit/CopilotKit,https://github.com/CopilotKit/CopilotKit,"React UI + elegant infrastructure for AI Copilots, AI chatbots, and in-app AI agents. The Agentic last-mile ü™Å",TypeScript,18943,2685,2025-05-16T23:50:55Z,CopilotKit,https://avatars.githubusercontent.com/u/131273140?v=4,2025-03-09T22:41:40Z
945152231,CopilotKit/open-mcp-client,https://github.com/CopilotKit/open-mcp-client,,TypeScript,1406,221,2025-04-22T21:13:39Z,CopilotKit,https://avatars.githubusercontent.com/u/131273140?v=4,2025-03-09T22:41:07Z
717080536,fuma-nama/fuma-comment,https://github.com/fuma-nama/fuma-comment,"user friendly, beautiful comment area to your blog",TypeScript,244,8,2025-05-15T10:20:45Z,fuma-nama,https://avatars.githubusercontent.com/u/76240755?v=4,2025-03-09T13:07:49Z
929858144,fleuristes/fleur,https://github.com/fleuristes/fleur,The easiest way to discover and install MCPs,TypeScript,469,32,2025-03-29T11:26:53Z,fleuristes,https://avatars.githubusercontent.com/u/201467761?v=4,2025-03-09T06:44:45Z
854894542,nextjs/saas-starter,https://github.com/nextjs/saas-starter,"Get started quickly with Next.js, Postgres, Stripe, and shadcn/ui.",TypeScript,12298,1587,2025-05-16T16:11:46Z,nextjs,https://avatars.githubusercontent.com/u/126103961?v=4,2025-03-08T23:38:48Z
926252103,Mail-0/Zero,https://github.com/Mail-0/Zero,Experience email the way you want with 0 ‚Äì the first open source email app that puts your privacy and safety first. Join the discord: https://discord.gg/0email,TypeScript,7407,614,2025-05-16T16:57:37Z,Mail-0,https://avatars.githubusercontent.com/u/198371852?v=4,2025-03-08T21:14:04Z
876064934,patchy631/ai-engineering-hub,https://github.com/patchy631/ai-engineering-hub,"In-depth tutorials on LLMs, RAGs and real-world AI agent applications.",Jupyter Notebook,9189,1562,2025-05-16T13:13:02Z,patchy631,https://avatars.githubusercontent.com/u/38653995?v=4,2025-03-05T21:55:11Z
940949323,aj47/chaos-coder,https://github.com/aj47/chaos-coder,9 separate websites IN SECONDS for you to chaotically edit!,TypeScript,75,19,2025-05-16T06:42:42Z,aj47,https://avatars.githubusercontent.com/u/8023513?v=4,2025-03-05T21:47:49Z
360522116,heroui-inc/heroui,https://github.com/heroui-inc/heroui,"üöÄ Beautiful, fast and modern React UI library. (Previously NextUI)",TypeScript,24206,1769,2025-05-16T14:11:50Z,heroui-inc,https://avatars.githubusercontent.com/u/86160567?v=4,2025-03-05T21:21:40Z
933894892,TIGER-AI-Lab/TheoremExplainAgent,https://github.com/TIGER-AI-Lab/TheoremExplainAgent,"Official Repo for ""TheoremExplainAgent: Towards Multimodal Explanations for LLM Theorem Understanding"" [ACL 2025]",Python,1239,155,2025-05-15T19:51:11Z,TIGER-AI-Lab,https://avatars.githubusercontent.com/u/144196744?v=4,2025-03-05T04:14:27Z
867112205,upstash/workflow-js,https://github.com/upstash/workflow-js,"Durable, Reliable and Performant Serverless Functions",TypeScript,95,10,2025-05-16T11:52:03Z,upstash,https://avatars.githubusercontent.com/u/74989412?v=4,2025-03-05T03:38:16Z
937490025,ASLP-lab/DiffRhythm,https://github.com/ASLP-lab/DiffRhythm,Di‚ô™‚ô™Rhythm: Blazingly Fast and Embarrassingly Simple End-to-End Full-Length Song Generation with Latent Diffusion,Python,1611,163,2025-05-10T12:35:39Z,ASLP-lab,https://avatars.githubusercontent.com/u/195776634?v=4,2025-03-04T18:58:21Z
888108783,DefenderOfBasic/PhD,https://github.com/DefenderOfBasic/PhD,Open notebook for my research in culture science,,74,3,2025-03-17T19:43:27Z,DefenderOfBasic,https://avatars.githubusercontent.com/u/173721283?v=4,2025-03-04T00:24:40Z
727894237,defog-ai/introspect,https://github.com/defog-ai/introspect,Deep Research for your internal data,Python,314,33,2025-05-06T15:35:33Z,defog-ai,https://avatars.githubusercontent.com/u/79135711?v=4,2025-03-03T23:28:15Z
422121708,nlp-with-transformers/notebooks,https://github.com/nlp-with-transformers/notebooks,Jupyter notebooks for the Natural Language Processing with Transformers book,Jupyter Notebook,4313,1345,2024-08-21T08:45:31Z,nlp-with-transformers,https://avatars.githubusercontent.com/u/93219893?v=4,2025-03-01T17:15:37Z
924394244,cloudflare/agents,https://github.com/cloudflare/agents,Build and deploy AI Agents on Cloudflare ,TypeScript,1963,144,2025-05-16T16:02:43Z,cloudflare,https://avatars.githubusercontent.com/u/314135?v=4,2025-02-27T12:01:31Z
47039255,codex-team/editor.js,https://github.com/codex-team/editor.js,A block-style editor with clean JSON output,TypeScript,30182,2153,2025-04-30T16:52:33Z,codex-team,https://avatars.githubusercontent.com/u/16060815?v=4,2025-02-26T04:57:41Z
318341089,facebook/lexical,https://github.com/facebook/lexical,"Lexical is an extensible text editor framework that provides excellent reliability, accessibility and performance.",TypeScript,21215,1879,2025-05-16T03:01:54Z,facebook,https://avatars.githubusercontent.com/u/69631?v=4,2025-02-25T06:53:50Z
670732143,ekmas/neobrutalism-components,https://github.com/ekmas/neobrutalism-components,A collection of neobrutalism-styled Tailwind components.,TypeScript,3745,107,2025-05-09T05:52:57Z,ekmas,https://avatars.githubusercontent.com/u/110829653?v=4,2025-02-23T04:41:44Z
694939378,QwenLM/Qwen-Agent,https://github.com/QwenLM/Qwen-Agent,"Agent framework and applications built upon Qwen>=3.0, featuring Function Calling, MCP, Code Interpreter, RAG, Chrome extension, etc.",Python,8656,717,2025-05-16T09:00:19Z,QwenLM,https://avatars.githubusercontent.com/u/141221163?v=4,2025-02-22T10:30:27Z
924733941,wild-card-ai/agents-json,https://github.com/wild-card-ai/agents-json,,Python,1218,63,2025-05-16T18:28:23Z,wild-card-ai,https://avatars.githubusercontent.com/u/191681763?v=4,2025-02-21T17:06:58Z
327089870,payloadcms/payload,https://github.com/payloadcms/payload,"Payload is the open-source, fullstack Next.js framework, giving you instant backend superpowers. Get a full TypeScript backend and admin panel instantly. Use Payload as a headless CMS or for building powerful applications.",TypeScript,34820,2423,2025-05-16T22:21:47Z,payloadcms,https://avatars.githubusercontent.com/u/62968818?v=4,2025-02-21T05:29:14Z
891642747,langchain-ai/open_deep_research,https://github.com/langchain-ai/open_deep_research,,Python,3354,459,2025-05-11T21:28:12Z,langchain-ai,https://avatars.githubusercontent.com/u/126733545?v=4,2025-02-21T04:59:19Z
631258918,sinaptik-ai/pandas-ai,https://github.com/sinaptik-ai/pandas-ai,"Chat with your database or your datalake (SQL, CSV, parquet). PandasAI makes data analysis conversational using LLMs and RAG.",Python,20168,1916,2025-05-15T10:07:31Z,sinaptik-ai,https://avatars.githubusercontent.com/u/154438448?v=4,2025-02-20T09:09:41Z
860252770,microsoft/OmniParser,https://github.com/microsoft/OmniParser,A simple screen parsing tool towards pure vision based GUI agent,Jupyter Notebook,22088,1852,2025-03-26T20:33:47Z,microsoft,https://avatars.githubusercontent.com/u/6154722?v=4,2025-02-15T04:05:28Z
680120071,microsoft/autogen,https://github.com/microsoft/autogen,A programming framework for agentic AI ü§ñ PyPi: autogen-agentchat Discord: https://aka.ms/autogen-discord Office Hour: https://aka.ms/autogen-officehour,Python,44537,6731,2025-05-16T07:05:36Z,microsoft,https://avatars.githubusercontent.com/u/6154722?v=4,2025-02-13T07:11:04Z
784586462,TrafficGuard/typedai,https://github.com/TrafficGuard/typedai,"TypeScript AI platform with AI chat, Autonomous agents, Software developer agents, chatbots and more",TypeScript,1043,75,2025-05-16T19:49:58Z,TrafficGuard,https://avatars.githubusercontent.com/u/47138526?v=4,2025-02-13T07:05:55Z
661283123,kyrolabs/awesome-agents,https://github.com/kyrolabs/awesome-agents,ü§ñ Awesome list of AI Agents,,763,85,2025-05-06T21:15:15Z,kyrolabs,https://avatars.githubusercontent.com/u/126075767?v=4,2025-02-13T07:04:59Z
781261349,microsoft/RD-Agent,https://github.com/microsoft/RD-Agent,"Research and development (R&D) is crucial for the enhancement of industrial productivity, especially in the AI era, where the core aspects of R&D are mainly focused on data and models. We are committed to automating these high-value generic R&D processes through our open source R&D automation tool R&D-Agent, which lets AI drive data-driven AI.",Python,4353,383,2025-05-16T10:30:02Z,microsoft,https://avatars.githubusercontent.com/u/6154722?v=4,2025-02-13T07:04:45Z
839037098,mastra-ai/mastra,https://github.com/mastra-ai/mastra,"The TypeScript AI agent framework. ‚ö° Assistants, RAG, observability. Supports any LLM: GPT-4, Claude, Gemini, Llama.",TypeScript,13052,719,2025-05-16T23:51:52Z,mastra-ai,https://avatars.githubusercontent.com/u/149120496?v=4,2025-02-13T07:03:57Z
705433491,myshell-ai/AIlice,https://github.com/myshell-ai/AIlice,"AIlice is a fully autonomous, general-purpose AI agent.",Python,1130,166,2025-05-06T03:27:51Z,myshell-ai,https://avatars.githubusercontent.com/u/127754094?v=4,2025-02-13T07:03:04Z
762304524,ComposioHQ/composio,https://github.com/ComposioHQ/composio,Composio equip's your AI agents & LLMs with 100+ high-quality integrations via function calling,Python,25273,4424,2025-05-09T20:33:35Z,ComposioHQ,https://avatars.githubusercontent.com/u/128464815?v=4,2025-02-13T06:58:16Z
832647441,awslabs/agent-squad,https://github.com/awslabs/agent-squad,Flexible and powerful framework for managing multiple AI agents and handling complex conversations,Python,5680,478,2025-05-15T10:28:17Z,awslabs,https://avatars.githubusercontent.com/u/3299148?v=4,2025-02-13T06:57:12Z
774497032,MervinPraison/PraisonAI,https://github.com/MervinPraison/PraisonAI,"PraisonAI is a production-ready Multi AI Agents framework, designed to create AI Agents to automate and solve problems ranging from simple tasks to complex challenges. It provides a low-code solution to streamline the building and management of multi-agent LLM systems, emphasising simplicity, customisation, and effective human-agent collaboration.",Jupyter Notebook,4225,602,2025-05-15T15:02:01Z,MervinPraison,https://avatars.githubusercontent.com/u/454862?v=4,2025-02-13T06:56:52Z
859556091,AgentOps-AI/AgentStack,https://github.com/AgentOps-AI/AgentStack,The fastest way to build robust AI agents,Python,1803,172,2025-05-06T00:39:49Z,AgentOps-AI,https://avatars.githubusercontent.com/u/140554352?v=4,2025-02-13T06:55:04Z
488641606,agno-agi/agno,https://github.com/agno-agi/agno,"Agno is a lightweight library for building Agents with memory, knowledge, tools and reasoning.",Python,26729,3388,2025-05-16T21:39:53Z,agno-agi,https://avatars.githubusercontent.com/u/104874993?v=4,2025-02-13T06:53:45Z
818331198,pydantic/pydantic-ai,https://github.com/pydantic/pydantic-ai,Agent Framework / shim to use Pydantic with LLMs,Python,9556,851,2025-05-16T23:17:20Z,pydantic,https://avatars.githubusercontent.com/u/110818415?v=4,2025-02-13T06:52:20Z
710601088,crewAIInc/crewAI,https://github.com/crewAIInc/crewAI,"Framework for orchestrating role-playing, autonomous AI agents. By fostering collaborative intelligence, CrewAI empowers agents to work together seamlessly, tackling complex tasks.",Python,31672,4237,2025-05-16T22:22:58Z,crewAIInc,https://avatars.githubusercontent.com/u/170677839?v=4,2025-02-13T06:44:31Z
655459367,e2b-dev/awesome-ai-agents,https://github.com/e2b-dev/awesome-ai-agents,A list of AI autonomous agents,,17891,1356,2025-02-26T10:04:45Z,e2b-dev,https://avatars.githubusercontent.com/u/129434473?v=4,2025-02-13T06:44:25Z
656099147,mem0ai/mem0,https://github.com/mem0ai/mem0,Memory for AI Agents; SOTA in AI Agent Memory; Announcing OpenMemory MCP - local and secure memory management.,Python,30928,2986,2025-05-16T18:08:36Z,mem0ai,https://avatars.githubusercontent.com/u/137054526?v=4,2025-02-13T06:43:54Z
812975380,frdel/agent-zero,https://github.com/frdel/agent-zero,Agent Zero AI framework,Python,6680,1454,2025-05-15T20:02:28Z,frdel,https://avatars.githubusercontent.com/u/38891707?v=4,2025-02-13T06:43:42Z
573631261,transitive-bullshit/agentic,https://github.com/transitive-bullshit/agentic,AI agent stdlib that works with any LLM and TypeScript AI SDK.,TypeScript,17504,2222,2025-04-24T22:05:49Z,transitive-bullshit,https://avatars.githubusercontent.com/u/552829?v=4,2025-02-13T06:41:14Z
193215554,n8n-io/n8n,https://github.com/n8n-io/n8n,"Fair-code workflow automation platform with native AI capabilities. Combine visual building with custom code, self-host or cloud, 400+ integrations.",TypeScript,94618,25922,2025-05-16T21:17:22Z,n8n-io,https://avatars.githubusercontent.com/u/45487711?v=4,2025-02-13T05:37:34Z
614765452,Significant-Gravitas/AutoGPT,https://github.com/Significant-Gravitas/AutoGPT,"AutoGPT is the vision of accessible AI for everyone, to use and to build on. Our mission is to provide the tools, so that you can focus on what matters.",Python,175349,45719,2025-05-16T23:24:07Z,Significant-Gravitas,https://avatars.githubusercontent.com/u/130738209?v=4,2025-02-13T04:53:38Z
624681066,reworkd/AgentGPT,https://github.com/reworkd/AgentGPT,"ü§ñ Assemble, configure, and deploy autonomous AI Agents in your browser.",TypeScript,34085,9419,2025-04-29T01:19:32Z,reworkd,https://avatars.githubusercontent.com/u/120154269?v=4,2025-02-13T04:53:29Z
930110052,13point5/gemini-cursor,https://github.com/13point5/gemini-cursor,An AI cursor for desktop using Gemini 2.0 Flash (Experimental),TypeScript,323,29,2025-02-11T01:40:18Z,13point5,https://avatars.githubusercontent.com/u/20568438?v=4,2025-02-12T13:24:10Z
929611505,armankhondker/awesome-ai-ml-resources,https://github.com/armankhondker/awesome-ai-ml-resources,Learn AI/ML for beginners with a roadmap and free resources. ,,3184,362,2025-03-11T16:34:10Z,armankhondker,https://avatars.githubusercontent.com/u/22623742?v=4,2025-02-12T12:29:20Z
929013859,fdarkaou/open-deep-research,https://github.com/fdarkaou/open-deep-research,An open-source alternative to OpenAI and Gemini's deep research.,TypeScript,856,103,2025-02-12T13:42:49Z,fdarkaou,https://avatars.githubusercontent.com/u/62242714?v=4,2025-02-11T05:06:00Z
178045800,jaredLunde/masonic,https://github.com/jaredLunde/masonic,üß± High-performance masonry layouts for React,TypeScript,1200,54,2025-04-22T16:33:05Z,jaredLunde,https://avatars.githubusercontent.com/u/86995?v=4,2025-02-10T11:24:26Z
671269505,BerriAI/litellm,https://github.com/BerriAI/litellm,"Python SDK, Proxy Server (LLM Gateway) to call 100+ LLM APIs in OpenAI format - [Bedrock, Azure, OpenAI, VertexAI, Cohere, Anthropic, Sagemaker, HuggingFace, Replicate, Groq]",Python,22684,2910,2025-05-16T23:55:07Z,BerriAI,https://avatars.githubusercontent.com/u/121462774?v=4,2025-02-07T22:04:29Z
926245824,superagent-ai/reag,https://github.com/superagent-ai/reag,Reasoning Augmented Generation,Python,842,50,2025-02-12T15:26:40Z,superagent-ai,https://avatars.githubusercontent.com/u/152537519?v=4,2025-02-07T22:03:21Z
345162800,revlis975/Duolingo-Streak-Saver,https://github.com/revlis975/Duolingo-Streak-Saver,Simple automation script for lazy Duolingo users like me just to get a lesson done with login and a few clicks to continue the streak,Python,12,5,2022-10-01T12:31:48Z,revlis975,https://avatars.githubusercontent.com/u/56941457?v=4,2025-02-05T15:57:59Z
384975902,drknzz/auto-lingo,https://github.com/drknzz/auto-lingo,A Duolingo Bot for automatic XP earning,Python,162,54,2022-09-25T09:17:15Z,drknzz,https://avatars.githubusercontent.com/u/65187002?v=4,2025-02-05T15:57:57Z
943149,d3/d3,https://github.com/d3/d3,"Bring data to life with SVG, Canvas and HTML. :bar_chart::chart_with_upwards_trend::tada:",Shell,110622,22864,2025-03-10T08:22:20Z,d3,https://avatars.githubusercontent.com/u/1562726?v=4,2025-02-05T05:02:13Z
926822398,mshumer/OpenDeepResearcher,https://github.com/mshumer/OpenDeepResearcher,,Jupyter Notebook,2551,349,2025-05-02T02:41:44Z,mshumer,https://avatars.githubusercontent.com/u/41550495?v=4,2025-02-05T03:50:05Z
926639724,nickscamara/open-deep-research,https://github.com/nickscamara/open-deep-research,An open source deep research clone. AI Agent that reasons large amounts of web data extracted with Firecrawl,TypeScript,5580,685,2025-05-07T15:38:28Z,nickscamara,https://avatars.githubusercontent.com/u/20311743?v=4,2025-02-05T03:26:46Z
639835356,assafelovic/gpt-researcher,https://github.com/assafelovic/gpt-researcher,LLM based autonomous agent that conducts deep local and web research on any topic and generates a long report with citations.,Python,21403,2796,2025-05-12T19:26:21Z,assafelovic,https://avatars.githubusercontent.com/u/13554167?v=4,2025-02-05T03:26:04Z
926861272,dzhng/deep-research,https://github.com/dzhng/deep-research,"An AI-powered research assistant that performs iterative, deep research on any topic by combining search engines, web scraping, and large language models.  The goal of this repo is to provide the simplest implementation of a deep research agent - e.g. an agent that can refine its research direction overtime and deep dive into a topic.",TypeScript,16195,1672,2025-04-12T01:37:24Z,dzhng,https://avatars.githubusercontent.com/u/1329503?v=4,2025-02-05T03:20:35Z
898968194,huggingface/smolagents,https://github.com/huggingface/smolagents,ü§ó smolagents: a barebones library for agents that think in python code.,Python,18718,1624,2025-05-16T15:04:14Z,huggingface,https://avatars.githubusercontent.com/u/25720743?v=4,2025-02-04T22:25:27Z
922423439,jina-ai/node-DeepResearch,https://github.com/jina-ai/node-DeepResearch,"Keep searching, reading webpages, reasoning until it finds the answer (or exceeding the token budget)",TypeScript,4229,389,2025-05-16T06:58:58Z,jina-ai,https://avatars.githubusercontent.com/u/60539444?v=4,2025-02-04T12:41:05Z
294762339,ossu/math,https://github.com/ossu/math,üßÆ  Path to a free self-taught education in Mathematics!,,7313,669,2025-04-10T05:42:43Z,ossu,https://avatars.githubusercontent.com/u/14957346?v=4,2025-01-31T19:26:22Z
821717191,huglemon/inwind-landing-page,https://github.com/huglemon/inwind-landing-page,"a free, open-source, powerful landing page template.",JavaScript,840,111,2025-03-18T08:43:23Z,huglemon,https://avatars.githubusercontent.com/u/5234578?v=4,2025-01-30T07:23:10Z
511472469,saas-js/saas-ui-nextjs-landing-page,https://github.com/saas-js/saas-ui-nextjs-landing-page,A free Next.js landing page template built with Chakra UI,TypeScript,363,141,2024-10-05T09:38:21Z,saas-js,https://avatars.githubusercontent.com/u/97183497?v=4,2025-01-30T07:22:26Z
304350054,cruip/tailwind-landing-page-template,https://github.com/cruip/tailwind-landing-page-template,Simple Light is a free landing page template built on top of TailwindCSS and fully coded in React / Next.js. Made by ,TypeScript,4122,1593,2025-03-02T15:54:21Z,cruip,https://avatars.githubusercontent.com/u/63243128?v=4,2025-01-30T07:21:03Z
923617188,exa-labs/exa-deepseek-chat,https://github.com/exa-labs/exa-deepseek-chat,A simple open-source chat app that uses Exa's API for web search and Deepseek R1 for reasoning,TypeScript,694,71,2025-01-30T21:33:30Z,exa-labs,https://avatars.githubusercontent.com/u/77906174?v=4,2025-01-30T06:26:24Z
253505956,cruip/open-react-template,https://github.com/cruip/open-react-template,"A free React / Next.js landing page template designed to showcase open source projects, SaaS products, online services, and more. Made by",TypeScript,4294,1946,2025-03-02T15:53:26Z,cruip,https://avatars.githubusercontent.com/u/63243128?v=4,2025-01-28T16:32:43Z
771302083,All-Hands-AI/OpenHands,https://github.com/All-Hands-AI/OpenHands,"üôå OpenHands: Code Less, Make More",Python,54296,6132,2025-05-16T23:32:39Z,All-Hands-AI,https://avatars.githubusercontent.com/u/169105795?v=4,2025-01-16T16:25:48Z
88011908,practical-tutorials/project-based-learning,https://github.com/practical-tutorials/project-based-learning,Curated list of project-based tutorials,,227713,29756,2024-08-15T05:33:54Z,practical-tutorials,https://avatars.githubusercontent.com/u/89421154?v=4,2025-01-06T23:13:21Z
826170402,elizaOS/eliza,https://github.com/elizaOS/eliza,Autonomous agents for everyone,TypeScript,15831,5176,2025-05-16T23:34:22Z,elizaOS,https://avatars.githubusercontent.com/u/186240462?v=4,2025-01-06T22:52:57Z
912033619,ammaarreshi/Gemini-Search,https://github.com/ammaarreshi/Gemini-Search,Perplexity style AI Search engine clone built with Gemini 2.0 Flash and Grounding,TypeScript,1986,413,2025-01-04T14:37:03Z,ammaarreshi,https://avatars.githubusercontent.com/u/159876365?v=4,2025-01-04T18:39:22Z
881458615,browser-use/browser-use,https://github.com/browser-use/browser-use,üåê Make websites accessible for AI agents. Automate tasks online with ease.,Python,60388,6662,2025-05-16T23:06:25Z,browser-use,https://avatars.githubusercontent.com/u/192012301?v=4,2024-12-31T08:23:22Z
756142546,SciPhi-AI/R2R,https://github.com/SciPhi-AI/R2R,SoTA production-ready AI retrieval system. Agentic Retrieval-Augmented Generation (RAG) with a RESTful API.,Python,6848,534,2025-05-16T23:05:53Z,SciPhi-AI,https://avatars.githubusercontent.com/u/148402514?v=4,2024-12-30T22:16:07Z
200260887,Shpota/github-activity-generator,https://github.com/Shpota/github-activity-generator,A script that helps generate a rich GitHub Contribution Graph for your account ü§ñ,Python,3396,283,2025-01-26T15:40:49Z,Shpota,https://avatars.githubusercontent.com/u/5640984?v=4,2024-12-29T02:29:53Z
475553026,ghostty-org/ghostty,https://github.com/ghostty-org/ghostty,"üëª Ghostty is a fast, feature-rich, and cross-platform terminal emulator that uses platform-native UI and GPU acceleration.",Zig,30608,819,2025-05-16T20:43:24Z,ghostty-org,https://avatars.githubusercontent.com/u/169223740?v=4,2024-12-27T21:51:14Z
365739812,tldraw/tldraw,https://github.com/tldraw/tldraw,very good whiteboard SDK / infinite canvas SDK,TypeScript,40107,2519,2025-05-16T16:48:52Z,tldraw,https://avatars.githubusercontent.com/u/86724562?v=4,2024-12-22T07:07:55Z
906701954,irthomasthomas/llm-consortium,https://github.com/irthomasthomas/llm-consortium,"llm-consortium orchestrates mulitple LLMs, iteratively refines & achieves consensus.",Python,249,23,2025-04-30T12:54:27Z,irthomasthomas,https://avatars.githubusercontent.com/u/20578100?v=4,2024-12-22T05:09:54Z
543293939,bytedance/monolith,https://github.com/bytedance/monolith,A Lightweight Recommendation System,Python,8836,680,2023-11-08T12:00:48Z,bytedance,https://avatars.githubusercontent.com/u/4158466?v=4,2024-12-20T07:50:59Z
687017826,Elliott-Chong/chatpdf-yt,https://github.com/Elliott-Chong/chatpdf-yt,,TypeScript,768,323,2024-06-17T10:34:05Z,Elliott-Chong,https://avatars.githubusercontent.com/u/77007117?v=4,2024-12-17T08:31:10Z
839372398,zaidmukaddam/scira,https://github.com/zaidmukaddam/scira,Scira (Formerly MiniPerplx) is a minimalistic AI-powered search engine that helps you find information on the internet and cites it too. Powered by Vercel AI SDK! Search with models like xAI's Grok 3.,TypeScript,8016,942,2025-05-15T18:45:48Z,zaidmukaddam,https://avatars.githubusercontent.com/u/76097144?v=4,2024-12-16T17:31:25Z
902594666,facebookresearch/large_concept_model,https://github.com/facebookresearch/large_concept_model,Large Concept Models: Language modeling in a sentence representation space,Python,2170,196,2025-01-29T05:57:33Z,facebookresearch,https://avatars.githubusercontent.com/u/16943930?v=4,2024-12-15T15:11:01Z
615113749,mayooear/ai-pdf-chatbot-langchain,https://github.com/mayooear/ai-pdf-chatbot-langchain,AI PDF chatbot agent built with LangChain & LangGraph ,TypeScript,15477,3078,2025-02-20T18:19:58Z,mayooear,https://avatars.githubusercontent.com/u/107035552?v=4,2024-12-15T15:07:01Z
903197010,floguo/blueprint,https://github.com/floguo/blueprint,generate product blueprints,TypeScript,191,38,2025-03-05T16:07:30Z,floguo,https://avatars.githubusercontent.com/u/70130527?v=4,2024-12-14T08:24:08Z
751008707,FujiwaraChoki/MoneyPrinter,https://github.com/FujiwaraChoki/MoneyPrinter,Automate Creation of YouTube Shorts using MoviePy.,Python,11765,1514,2025-03-20T07:46:34Z,FujiwaraChoki,https://avatars.githubusercontent.com/u/78088687?v=4,2024-12-12T22:42:53Z
902083892,floguo/mind-map,https://github.com/floguo/mind-map,generate mind maps with ai,TypeScript,110,29,2024-12-12T16:14:15Z,floguo,https://avatars.githubusercontent.com/u/70130527?v=4,2024-12-12T22:25:40Z
872087586,stackblitz-labs/bolt.diy,https://github.com/stackblitz-labs/bolt.diy,"Prompt, run, edit, and deploy full-stack web applications using any LLM you want!",TypeScript,15750,8588,2025-05-12T07:39:23Z,stackblitz-labs,https://avatars.githubusercontent.com/u/164069192?v=4,2024-12-12T09:44:03Z
784181462,ItzCrazyKns/Perplexica,https://github.com/ItzCrazyKns/Perplexica,Perplexica is an AI-powered search engine. It is an Open source alternative to Perplexity AI,TypeScript,21922,2237,2025-05-13T14:44:20Z,ItzCrazyKns,https://avatars.githubusercontent.com/u/95534749?v=4,2024-12-12T04:43:00Z
452939314,neonbjb/tortoise-tts,https://github.com/neonbjb/tortoise-tts,A multi-voice TTS system trained with an emphasis on quality,Jupyter Notebook,14130,1965,2024-11-19T18:59:13Z,neonbjb,https://avatars.githubusercontent.com/u/833082?v=4,2024-12-11T02:24:13Z
746144302,UberGuidoZ/chatgpt-ui,https://github.com/UberGuidoZ/chatgpt-ui,The open-source AI chat app for everyone.,TypeScript,24,0,2024-09-24T16:45:23Z,UberGuidoZ,https://avatars.githubusercontent.com/u/57457139?v=4,2024-12-09T01:59:59Z
645440726,horizon-ui/chatgpt-ai-template,https://github.com/horizon-ui/chatgpt-ai-template,"üß† Horizon AI Template - Trendiest Open-source ChatGPT UI AI Template & Starter Kit for React, NextJS & Chakra UI",TypeScript,556,219,2025-01-22T18:56:58Z,horizon-ui,https://avatars.githubusercontent.com/u/103844468?v=4,2024-12-09T01:59:56Z
702796244,fishaudio/fish-speech,https://github.com/fishaudio/fish-speech,SOTA Open Source TTS,Python,21107,1688,2025-04-12T14:01:16Z,fishaudio,https://avatars.githubusercontent.com/u/122017386?v=4,2024-12-04T22:52:21Z
162405963,gradio-app/gradio,https://github.com/gradio-app/gradio,"Build and share delightful machine learning apps, all in Python. üåü Star to support our work!",Python,38073,2902,2025-05-16T23:32:47Z,gradio-app,https://avatars.githubusercontent.com/u/51063788?v=4,2024-12-04T01:33:20Z
29028775,facebook/react-native,https://github.com/facebook/react-native,A framework for building native applications using React,C++,122037,24660,2025-05-16T23:51:26Z,facebook,https://avatars.githubusercontent.com/u/69631?v=4,2024-11-29T02:09:42Z
786187721,rio-labs/rio,https://github.com/rio-labs/rio,"WebApps in pure Python. No JavaScript, HTML and CSS needed",Python,2883,94,2025-05-11T19:12:48Z,rio-labs,https://avatars.githubusercontent.com/u/166943913?v=4,2024-11-16T10:43:49Z
764555401,piotrkulpinski/openalternative,https://github.com/piotrkulpinski/openalternative,A community driven list of open source alternatives to proprietary software and applications.,TypeScript,4467,174,2025-05-16T15:12:05Z,piotrkulpinski,https://avatars.githubusercontent.com/u/358412?v=4,2024-11-16T03:04:50Z
880576232,SouthBridgeAI/offmute,https://github.com/SouthBridgeAI/offmute,An experiment in meeting transcription and diarization with just an LLM. Maybe I went a little overboard though,TypeScript,544,47,2025-04-07T05:23:22Z,SouthBridgeAI,https://avatars.githubusercontent.com/u/183875484?v=4,2024-11-04T22:06:01Z
881643156,altera-al/project-sid,https://github.com/altera-al/project-sid,,,1017,31,2024-11-04T16:24:29Z,altera-al,https://avatars.githubusercontent.com/u/186979586?v=4,2024-11-01T22:08:34Z
678526156,marimo-team/marimo,https://github.com/marimo-team/marimo,"A reactive notebook for Python ‚Äî run reproducible experiments, query with SQL, execute as a script, deploy as an app, and version with git. All in a modern, AI-native editor.",Python,13262,530,2025-05-16T20:22:19Z,marimo-team,https://avatars.githubusercontent.com/u/98563464?v=4,2024-11-01T02:54:47Z
867298012,langchain-ai/open-canvas,https://github.com/langchain-ai/open-canvas,"üìÉ A better UX for chat, writing content, and coding with LLMs.",TypeScript,4522,694,2025-04-23T19:22:41Z,langchain-ai,https://avatars.githubusercontent.com/u/126733545?v=4,2024-10-31T17:59:32Z
812077621,microsoft/data-formulator,https://github.com/microsoft/data-formulator,ü™Ñ Create rich visualizations with AI ,TypeScript,11517,882,2025-05-16T00:42:59Z,microsoft,https://avatars.githubusercontent.com/u/6154722?v=4,2024-10-31T00:24:53Z
808207942,anthropics/courses,https://github.com/anthropics/courses,Anthropic's educational courses,Jupyter Notebook,11572,1043,2024-11-26T17:59:04Z,anthropics,https://avatars.githubusercontent.com/u/76263028?v=4,2024-10-30T19:59:47Z
265122478,ManimCommunity/manim,https://github.com/ManimCommunity/manim,A community-maintained Python framework for creating mathematical animations. ,Python,31768,2229,2025-05-12T17:00:56Z,ManimCommunity,https://avatars.githubusercontent.com/u/65579849?v=4,2024-10-28T06:15:38Z
32689863,3b1b/manim,https://github.com/3b1b/manim,Animation engine for explanatory math videos,Python,77451,6690,2025-03-20T19:00:35Z,3b1b,https://avatars.githubusercontent.com/u/11601040?v=4,2024-10-28T06:15:15Z
667297720,meta-llama/llama-cookbook,https://github.com/meta-llama/llama-cookbook,"Welcome to the Llama Cookbook! This is your go to guide for Building with Llama: Getting started with Inference, Fine-Tuning, RAG. We also show you how to solve end to end problems using Llama model family and using them on various provider services  ",Jupyter Notebook,17312,2477,2025-05-14T16:44:20Z,meta-llama,https://avatars.githubusercontent.com/u/153379578?v=4,2024-10-28T02:08:54Z
5483330,soimort/you-get,https://github.com/soimort/you-get,:arrow_double_down: Dumb downloader that scrapes the web,Python,55595,9754,2025-04-27T15:33:25Z,soimort,https://avatars.githubusercontent.com/u/342945?v=4,2024-10-27T13:12:42Z
764723738,Skyvern-AI/skyvern,https://github.com/Skyvern-AI/skyvern,Automate browser-based workflows with LLMs and Computer Vision,Python,13359,1058,2025-05-16T23:26:38Z,Skyvern-AI,https://avatars.githubusercontent.com/u/141457985?v=4,2024-10-26T23:59:48Z
867866058,usefulsensors/moonshine,https://github.com/usefulsensors/moonshine,Fast and accurate automatic speech recognition (ASR) for edge devices,Python,2705,142,2025-05-12T21:03:25Z,usefulsensors,https://avatars.githubusercontent.com/u/98664891?v=4,2024-10-26T23:58:14Z
877143674,corbt/agent.exe,https://github.com/corbt/agent.exe,,TypeScript,3485,334,2024-11-15T01:11:47Z,corbt,https://avatars.githubusercontent.com/u/176426?v=4,2024-10-24T05:46:43Z
852027111,Tencent/DepthCrafter,https://github.com/Tencent/DepthCrafter,[CVPR 2025 Highlight] DepthCrafter: Generating Consistent Long Depth Sequences for Open-world Videos,Python,1302,75,2025-04-18T04:03:05Z,Tencent,https://avatars.githubusercontent.com/u/18461506?v=4,2024-10-20T09:34:03Z
831872524,getomni-ai/zerox,https://github.com/getomni-ai/zerox,OCR & Document Extraction using vision models,TypeScript,11164,737,2025-04-29T21:41:23Z,getomni-ai,https://avatars.githubusercontent.com/u/152649903?v=4,2024-10-18T13:22:50Z
639195966,kyegomez/swarms,https://github.com/kyegomez/swarms,The Enterprise-Grade Production-Ready Multi-Agent Orchestration Framework. Website: https://swarms.ai,Python,4860,560,2025-05-15T01:33:50Z,kyegomez,https://avatars.githubusercontent.com/u/98760976?v=4,2024-10-13T02:47:33Z
761974775,openai/swarm,https://github.com/openai/swarm,"Educational framework exploring ergonomic, lightweight multi-agent orchestration. Managed by OpenAI Solution team.",Python,19793,2099,2025-03-11T17:27:22Z,openai,https://avatars.githubusercontent.com/u/14957082?v=4,2024-10-12T23:42:05Z
793375104,Shubhamsaboo/awesome-llm-apps,https://github.com/Shubhamsaboo/awesome-llm-apps,"Collection of awesome LLM apps with AI Agents and RAG using OpenAI, Anthropic, Gemini and opensource models.",Python,32108,3610,2025-05-14T20:14:23Z,Shubhamsaboo,https://avatars.githubusercontent.com/u/31396011?v=4,2024-10-05T21:29:27Z
839424305,pinokiofactory/flux-webui,https://github.com/pinokiofactory/flux-webui,,JavaScript,183,31,2025-03-17T00:00:23Z,pinokiofactory,https://avatars.githubusercontent.com/u/169162123?v=4,2024-10-03T22:28:33Z
861488443,erik-dunteman/moshi,https://github.com/erik-dunteman/moshi,"The Moshi speech-to-speech model, deployed to Modal with a realtime CLI chat",Python,56,5,2024-09-24T16:45:31Z,erik-dunteman,https://avatars.githubusercontent.com/u/44653944?v=4,2024-09-24T13:51:17Z
679506386,menloresearch/jan,https://github.com/menloresearch/jan,Jan is an open source alternative to ChatGPT that runs 100% offline on your computer,TypeScript,28961,1712,2025-05-16T15:20:54Z,menloresearch,https://avatars.githubusercontent.com/u/102363196?v=4,2024-09-24T13:28:39Z
726082384,wasp-lang/open-saas,https://github.com/wasp-lang/open-saas,"A free, open-source SaaS app starter for React & Node.js with superpowers. Full-featured. Community-driven.",TypeScript,10929,1117,2025-05-16T14:35:04Z,wasp-lang,https://avatars.githubusercontent.com/u/55102317?v=4,2024-09-24T13:28:13Z
162998479,sherlock-project/sherlock,https://github.com/sherlock-project/sherlock,Hunt down social media accounts by username across social networks,Python,64414,7474,2025-05-06T09:55:10Z,sherlock-project,https://avatars.githubusercontent.com/u/48293496?v=4,2024-09-15T06:06:45Z
597583114,Future-House/paper-qa,https://github.com/Future-House/paper-qa,High accuracy RAG for answering questions from scientific documents with citations,Python,7338,718,2025-05-06T20:38:28Z,Future-House,https://avatars.githubusercontent.com/u/131727825?v=4,2024-09-11T22:26:16Z
292374787,stas00/ml-engineering,https://github.com/stas00/ml-engineering,Machine Learning Engineering Open Book,Python,13729,828,2025-05-08T17:43:47Z,stas00,https://avatars.githubusercontent.com/u/10676103?v=4,2024-09-07T06:44:23Z
837911756,feder-cr/Jobs_Applier_AI_Agent_AIHawk,https://github.com/feder-cr/Jobs_Applier_AI_Agent_AIHawk,"AIHawk aims to easy job hunt process by automating the job application process. Utilizing artificial intelligence, it enables users to apply for multiple jobs in a tailored way.",Python,28138,4215,2025-05-16T23:33:20Z,feder-cr,https://avatars.githubusercontent.com/u/85809106?v=4,2024-08-28T06:45:18Z
841376583,SakanaAI/AI-Scientist,https://github.com/SakanaAI/AI-Scientist,The AI Scientist: Towards Fully Automated Open-Ended Scientific Discovery üßë‚Äçüî¨,Jupyter Notebook,10964,1591,2025-04-26T16:29:55Z,SakanaAI,https://avatars.githubusercontent.com/u/140988036?v=4,2024-08-25T02:22:30Z
669879380,rasbt/LLMs-from-scratch,https://github.com/rasbt/LLMs-from-scratch,"Implement a ChatGPT-like LLM in PyTorch from scratch, step by step",Jupyter Notebook,49273,7080,2025-04-20T02:16:18Z,rasbt,https://avatars.githubusercontent.com/u/5618407?v=4,2024-07-30T13:02:30Z
779019589,EmergenceAI/Agent-E,https://github.com/EmergenceAI/Agent-E,Agent driven automation starting with the web. Try it: https://www.emergence.ai/web-automation-api,Python,1111,161,2025-05-12T14:04:37Z,EmergenceAI,https://avatars.githubusercontent.com/u/162732084?v=4,2024-07-25T20:37:08Z
808578967,jbilcke-hf/clapper,https://github.com/jbilcke-hf/clapper,"Clapper.app, a video synthesizer and sequencer designed for the age of AI cinema",TypeScript,2213,214,2025-03-09T21:29:39Z,jbilcke-hf,https://avatars.githubusercontent.com/u/137051437?v=4,2024-07-10T22:02:59Z
806315903,karpathy/LLM101n,https://github.com/karpathy/LLM101n,LLM101n: Let's build a Storyteller,,33428,1823,2024-08-01T01:20:33Z,karpathy,https://avatars.githubusercontent.com/u/241138?v=4,2024-06-23T12:22:23Z
571613891,roboflow/supervision,https://github.com/roboflow/supervision,We write your reusable computer vision tools. üíú,Python,26607,2009,2025-05-12T17:28:31Z,roboflow,https://avatars.githubusercontent.com/u/53104118?v=4,2024-06-13T04:21:30Z
797901399,ai8hyf/OpenResearchAssistant,https://github.com/ai8hyf/OpenResearchAssistant,An automated tool for discovering insights from research papaer corpora,HTML,138,7,2024-06-08T17:05:33Z,ai8hyf,https://avatars.githubusercontent.com/u/26658026?v=4,2024-06-07T13:31:26Z
783089952,ishaan1013/sandbox,https://github.com/ishaan1013/sandbox,Code editing environment with an AI copilot and real-time collaboration,TypeScript,1377,124,2025-01-08T20:26:18Z,ishaan1013,https://avatars.githubusercontent.com/u/69771365?v=4,2024-05-31T01:43:10Z
589831718,comfyanonymous/ComfyUI,https://github.com/comfyanonymous/ComfyUI,"The most powerful and modular diffusion model GUI, api and backend with a graph/nodes interface.",Python,76975,8440,2025-05-16T19:15:59Z,comfyanonymous,https://avatars.githubusercontent.com/u/121283862?v=4,2024-05-22T12:05:44Z
772385740,entropy-research/Devon,https://github.com/entropy-research/Devon,Devon: An open-source pair programmer,Python,3417,281,2024-08-27T04:19:51Z,entropy-research,https://avatars.githubusercontent.com/u/163390653?v=4,2024-05-13T13:49:57Z
799645136,BasedHardware/OpenGlass,https://github.com/BasedHardware/OpenGlass,Turn any glasses into AI-powered smart glasses,C,3638,474,2024-08-14T21:27:33Z,BasedHardware,https://avatars.githubusercontent.com/u/162546372?v=4,2024-05-13T01:05:33Z
749126547,ScrapeGraphAI/Scrapegraph-ai,https://github.com/ScrapeGraphAI/Scrapegraph-ai,Python scraper based on AI,Python,19607,1655,2025-05-16T07:00:08Z,ScrapeGraphAI,https://avatars.githubusercontent.com/u/171017415?v=4,2024-05-10T09:17:30Z
725089041,myshell-ai/OpenVoice,https://github.com/myshell-ai/OpenVoice,Instant voice cloning by MIT and MyShell. Audio foundation model.,Python,32249,3323,2025-04-19T16:00:00Z,myshell-ai,https://avatars.githubusercontent.com/u/127754094?v=4,2024-04-26T13:55:56Z
787076358,mendableai/firecrawl,https://github.com/mendableai/firecrawl,"üî• Turn entire websites into LLM-ready markdown or structured data. Scrape, crawl and extract with a single API.",TypeScript,38331,3488,2025-05-16T19:29:10Z,mendableai,https://avatars.githubusercontent.com/u/135057108?v=4,2024-04-17T16:23:17Z
771670025,google-gemini/cookbook,https://github.com/google-gemini/cookbook,Examples and guides for using the Gemini API,Jupyter Notebook,12776,1693,2025-05-16T14:05:24Z,google-gemini,https://avatars.githubusercontent.com/u/161781182?v=4,2024-04-16T07:27:18Z
643405499,kyegomez/tree-of-thoughts,https://github.com/kyegomez/tree-of-thoughts,Plug in and Play Implementation of Tree of Thoughts: Deliberate Problem Solving with Large Language Models that Elevates Model Reasoning by atleast 70% ,Python,4495,367,2024-10-29T15:23:25Z,kyegomez,https://avatars.githubusercontent.com/u/98760976?v=4,2024-04-04T06:31:30Z
132750724,codecrafters-io/build-your-own-x,https://github.com/codecrafters-io/build-your-own-x,Master programming by recreating your favorite technologies from scratch.,Markdown,380012,35388,2025-04-11T19:13:28Z,codecrafters-io,https://avatars.githubusercontent.com/u/58904235?v=4,2024-04-02T21:52:37Z
771116636,jasonppy/VoiceCraft,https://github.com/jasonppy/VoiceCraft,Zero-Shot Speech Editing and Text-to-Speech in the Wild,Jupyter Notebook,8266,789,2025-03-15T23:16:51Z,jasonppy,https://avatars.githubusercontent.com/u/47729801?v=4,2024-04-01T05:33:14Z
774710262,hrishioa/lumentis,https://github.com/hrishioa/lumentis,AI powered one-click comprehensive docs from transcripts and text.,TypeScript,1613,101,2025-02-11T17:05:11Z,hrishioa,https://avatars.githubusercontent.com/u/973967?v=4,2024-03-24T23:52:39Z
772632148,philz1337x/clarity-upscaler,https://github.com/philz1337x/clarity-upscaler,Clarity AI | AI Image Upscaler & Enhancer - free and open-source Magnific Alternative,Python,4318,453,2025-03-06T05:43:49Z,philz1337x,https://avatars.githubusercontent.com/u/112502636?v=4,2024-03-16T04:33:26Z
644461337,vercel/ai,https://github.com/vercel/ai,"The AI Toolkit for TypeScript. From the creators of Next.js, the AI SDK is a free open-source library for building AI-powered applications and agents ",TypeScript,14200,2235,2025-05-16T10:51:33Z,vercel,https://avatars.githubusercontent.com/u/14985020?v=4,2024-03-05T03:15:55Z
760231710,hpcaitech/Open-Sora,https://github.com/hpcaitech/Open-Sora,Open-Sora: Democratizing Efficient Video Production for All,Python,26431,2555,2025-04-30T06:43:17Z,hpcaitech,https://avatars.githubusercontent.com/u/88699314?v=4,2024-03-04T21:25:28Z
733166134,princeton-computational-imaging/NSF,https://github.com/princeton-computational-imaging/NSF,"Official code repository for the paper: ""Neural Spline Fields for Burst Image Fusion and Layer Separation""",Jupyter Notebook,297,15,2025-02-18T18:55:03Z,princeton-computational-imaging,https://avatars.githubusercontent.com/u/61526115?v=4,2024-02-20T02:59:08Z
655099582,mlabonne/llm-course,https://github.com/mlabonne/llm-course,Course to get into Large Language Models (LLMs) with roadmaps and Colab notebooks.,Jupyter Notebook,51599,5519,2025-05-12T08:34:35Z,mlabonne,https://avatars.githubusercontent.com/u/81252890?v=4,2024-01-26T16:44:56Z
747419316,Doriandarko/Moondream2-streamlit,https://github.com/Doriandarko/Moondream2-streamlit,,Python,79,13,2024-03-05T19:06:19Z,Doriandarko,https://avatars.githubusercontent.com/u/1247180?v=4,2024-01-24T08:29:07Z
375391318,samuelmtimbo/unit,https://github.com/samuelmtimbo/unit,Next Generation Visual Programming System,TypeScript,4104,116,2025-05-14T04:11:01Z,samuelmtimbo,https://avatars.githubusercontent.com/u/5302127?v=4,2024-01-21T08:52:22Z
646410686,hiyouga/LLaMA-Factory,https://github.com/hiyouga/LLaMA-Factory,Unified Efficient Fine-Tuning of 100+ LLMs & VLMs (ACL 2024),Python,49027,5968,2025-05-16T15:33:47Z,hiyouga,https://avatars.githubusercontent.com/u/16256802?v=4,2024-01-21T04:27:37Z
460914281,Avaiga/taipy,https://github.com/Avaiga/taipy,Turns Data and AI algorithms into production-ready web applications in no time.,Python,18088,1883,2025-05-16T11:02:13Z,Avaiga,https://avatars.githubusercontent.com/u/86434771?v=4,2024-01-20T15:05:18Z
643445235,lobehub/lobe-chat,https://github.com/lobehub/lobe-chat,"ü§Ø Lobe Chat - an open-source, modern-design AI chat framework. Supports Multi AI Providers( OpenAI / Claude 3 / Gemini / Ollama / DeepSeek / Qwen), Knowledge Base (file upload / knowledge management / RAG ), Multi-Modals (Plugins/Artifacts) and Thinking. One-click FREE deployment of your private ChatGPT/ Claude / DeepSeek application.",TypeScript,60824,12777,2025-05-16T19:09:02Z,lobehub,https://avatars.githubusercontent.com/u/131470832?v=4,2023-12-12T12:23:30Z
344190478,microsoft/AI-For-Beginners,https://github.com/microsoft/AI-For-Beginners,"12 Weeks, 24 Lessons, AI for All!",Jupyter Notebook,37520,6941,2025-04-29T16:09:57Z,microsoft,https://avatars.githubusercontent.com/u/6154722?v=4,2023-06-05T17:58:25Z
619885280,twitter/the-algorithm-ml,https://github.com/twitter/the-algorithm-ml,Source code for Twitter's Recommendation Algorithm,Python,10242,2222,2024-07-10T12:48:24Z,twitter,https://avatars.githubusercontent.com/u/50278?v=4,2023-03-31T23:00:34Z
619859161,twitter/the-algorithm,https://github.com/twitter/the-algorithm,Source code for Twitter's Recommendation Algorithm,Scala,63179,12160,2024-07-10T07:07:01Z,twitter,https://avatars.githubusercontent.com/u/50278?v=4,2023-03-31T23:00:31Z
612640604,mckaywrigley/chatbot-ui,https://github.com/mckaywrigley/chatbot-ui,AI chat for any model.,TypeScript,31261,8852,2024-08-03T00:38:07Z,mckaywrigley,https://avatars.githubusercontent.com/u/29221284?v=4,2023-03-22T22:36:38Z
